{"is_source_file": false, "format": "", "description": "", "external_files": [], "external_methods": [], "published": [], "classes": [], "methods": [], "calls": [], "search-terms": [], "state": 2, "file_id": 4, "knowledge_revision": 13, "git_revision": "1d9233b1f6c33486c3db3dfb1aac9aa4f740127c", "hash": "0c9f36dfd1a6dee9fa952c06ab7d9563", "format-version": 4, "code-base-name": "todo_database", "filename": "todo_database/db_visualizer/package.json", "revision_history": [{"13": "1d9233b1f6c33486c3db3dfb1aac9aa4f740127c"}]}