{"is_source_file": true, "format": "bash", "description": "This is a shell script for restoring various types of databases (SQLite, PostgreSQL, MySQL, MongoDB) from backup files. It detects backup files in the current directory and performs the appropriate restoration commands based on the backup type detected.", "external_files": ["database_backup.db", "database_backup.sql", "database_backup.archive"], "external_methods": ["cp", "ls", "sudo -u postgres pg_isready", "psql", "mysqladmin", "mysql", "mongosh", "mongorestore"], "published": [], "classes": [], "methods": [], "calls": ["cp", "ls", "sudo -u postgres pg_isready", "psql", "mysqladmin ping", "mysql", "mongosh", "mongorestore"], "search-terms": ["database restore", "backup detection", "SQLite restore", "PostgreSQL restore", "MySQL restore", "MongoDB restore", "restore script", "database_backup"], "state": 2, "file_id": 7, "knowledge_revision": 11, "git_revision": "1d9233b1f6c33486c3db3dfb1aac9aa4f740127c", "hash": "d42c3e6cbc3bbd627e3c08afcf4183ec", "format-version": 4, "code-base-name": "todo_database", "filename": "todo_database/restore_db.sh", "revision_history": [{"11": "1d9233b1f6c33486c3db3dfb1aac9aa4f740127c"}]}