{"is_source_file": true, "format": "bash", "description": "A shell script for automating database backups for various database systems including SQLite, PostgreSQL, MySQL, and MongoDB. It detects the running database and performs appropriate backup commands.", "external_files": ["/usr/lib/postgresql/", "/var/run/mysqld/mysqld.sock"], "external_methods": ["ls", "cp", "sudo -u postgres pg_isready", "mysqladmin", "mysql", "mysqldump", "mongosh", "mongodump"], "published": [], "classes": [], "methods": [], "calls": ["ls", "cp", "sudo -u postgres pg_isready", "mysqladmin", "mysql", "mysqldump", "mongosh", "mongodump"], "search-terms": ["backup_script", "database_backup", "sqlite_backup", "postgresql_backup", "mysql_backup", "mongodb_backup", "scripting", "database_detection", "shell_backup"], "state": 2, "file_id": 8, "knowledge_revision": 14, "git_revision": "1d9233b1f6c33486c3db3dfb1aac9aa4f740127c", "hash": "d7da372b768c895a33088027314656c3", "format-version": 4, "code-base-name": "todo_database", "filename": "todo_database/backup_db.sh", "revision_history": [{"14": "1d9233b1f6c33486c3db3dfb1aac9aa4f740127c"}]}