{"is_source_file": true, "format": "HTML", "description": "HTML source code for a web-based database visualizer interface, including styling and client-side scripting for interacting with backend APIs to display database and table data.", "external_files": ["/api/databases", "/api/{db}/tables", "/api/{db}/tables/{tableName}/data"], "external_methods": ["fetch()"], "published": [], "classes": [], "methods": [{"name": "loadDatabases", "description": "Fetches the list of available databases from the backend and displays them in the sidebar."}, {"name": "refreshDatabases", "description": "Refreshes the database list by reloading data from the backend."}, {"name": "toggleDatabase", "description": "Handles expanding or collapsing a database to show its tables."}, {"name": "loadTables", "description": "Fetches the list of tables for a selected database."}, {"name": "loadTableData", "description": "Fetches and renders data for a selected table."}, {"name": "renderTable", "description": "Generates HTML to display table data in a structured format."}, {"name": "renderCell", "description": "Renders individual cell content, handling objects, nulls, and long strings."}, {"name": "expandCell", "description": "Expands or collapses cell content for better readability."}], "calls": ["fetchData", "showLoading", "showError", "showEmptyState", "setActiveState", "loadTables", "loadTableData", "renderTable", "renderCell", "expandCell"], "search-terms": ["Database Viewer", "HTML", "client-side scripting", "database list", "table data", "dynamic content", "interactive UI", "AJAX fetch"], "state": 2, "file_id": 5, "knowledge_revision": 12, "git_revision": "1d9233b1f6c33486c3db3dfb1aac9aa4f740127c", "hash": "ee63333a4841bf025439c755a74c9881", "format-version": 4, "code-base-name": "todo_database", "filename": "todo_database/db_visualizer/public/index.html", "revision_history": [{"12": "1d9233b1f6c33486c3db3dfb1aac9aa4f740127c"}]}